﻿<?xml version="1.0" encoding="UTF-8" standalone="yes"?>
<VRs>
  <VR No="0" Value="0" Address="40001" DataType="BIT_32_FLOAT" DataSize="4" Init="0" Description="Point 1" />
  <VR No="1" Value="0" Address="40003" DataType="BIT_32_FLOAT" DataSize="4" Init="0" Description="" />
  <VR No="2" Value="2000" Address="40005" DataType="BIT_32_FLOAT" DataSize="4" Init="2000" Description="Point 2" />
  <VR No="3" Value="0" Address="40007" DataType="BIT_32_FLOAT" DataSize="4" Init="0" Description="" />
  <VR No="4" Value="4000" Address="40009" DataType="BIT_32_FLOAT" DataSize="4" Init="4000" Description="Point 3" />
  <VR No="5" Value="0" Address="40011" DataType="BIT_32_FLOAT" DataSize="4" Init="0" Description="" />
  <VR No="6" Value="6000" Address="40013" DataType="BIT_32_FLOAT" DataSize="4" Init="6000" Description="Point 4" />
  <VR No="7" Value="0" Address="40015" DataType="BIT_32_FLOAT" DataSize="4" Init="0" Description="" />
  <VR No="8" Value="6000" Address="40017" DataType="BIT_32_FLOAT" DataSize="4" Init="6000" Description="Point 5" />
  <VR No="9" Value="-2000" Address="40019" DataType="BIT_32_FLOAT" DataSize="4" Init="-2000" Description="" />
  <VR No="10" Value="4000" Address="40021" DataType="BIT_32_FLOAT" DataSize="4" Init="4000" Description="Point 6" />
  <VR No="11" Value="-2000" Address="40023" DataType="BIT_32_FLOAT" DataSize="4" Init="-2000" Description="" />
  <VR No="12" Value="2000" Address="40025" DataType="BIT_32_FLOAT" DataSize="4" Init="2000" Description="Point 7" />
  <VR No="13" Value="-2000" Address="40027" DataType="BIT_32_FLOAT" DataSize="4" Init="-2000" Description="" />
  <VR No="14" Value="0" Address="40029" DataType="BIT_32_FLOAT" DataSize="4" Init="0" Description="Point 8" />
  <VR No="15" Value="-2000" Address="40031" DataType="BIT_32_FLOAT" DataSize="4" Init="-2000" Description="" />
  <VR No="16" Value="2500" Address="40033" DataType="BIT_32_FLOAT" DataSize="4" Init="2500" Description="Point 9" />
  <VR No="17" Value="0" Address="40035" DataType="BIT_32_FLOAT" DataSize="4" Init="0" Description="" />
  <VR No="18" Value="3000" Address="40037" DataType="BIT_32_FLOAT" DataSize="4" Init="3000" Description="Point 10" />
  <VR No="19" Value="500" Address="40039" DataType="BIT_32_FLOAT" DataSize="4" Init="500" Description="" />
  <VR No="20" Value="3500" Address="40041" DataType="BIT_32_FLOAT" DataSize="4" Init="3500" Description="Point 11" />
  <VR No="21" Value="0" Address="40043" DataType="BIT_32_FLOAT" DataSize="4" Init="0" Description="" />
  <VR No="22" Value="2500" Address="40045" DataType="BIT_32_FLOAT" DataSize="4" Init="2500" Description="Point 12" />
  <VR No="23" Value="-2000" Address="40047" DataType="BIT_32_FLOAT" DataSize="4" Init="-2000" Description="" />
  <VR No="24" Value="0" Address="40049" DataType="BIT_32_FLOAT" DataSize="4" Init="0" Description="" />
  <VR No="25" Value="20000" Address="40051" DataType="BIT_32_FLOAT" DataSize="4" Init="20000" Description="GVH" />
  <VR No="26" Value="20000" Address="40053" DataType="BIT_32_FLOAT" DataSize="4" Init="20000" Description="JOG_VH" />
  <VR No="27" Value="20000" Address="40055" DataType="BIT_32_FLOAT" DataSize="4" Init="20000" Description="VH" />
  <VR No="28" Value="0" Address="40057" DataType="BIT_32_FLOAT" DataSize="4" Init="0" Description="" />
  <VR No="29" Value="0" Address="40059" DataType="BIT_32_FLOAT" DataSize="4" Init="0" Description="" />
  <VR No="30" Value="0" Address="40061" DataType="BIT_32_FLOAT" DataSize="4" Init="0" Description="Axis x's target position" />
  <VR No="31" Value="0" Address="40063" DataType="BIT_32_FLOAT" DataSize="4" Init="0" Description="Axis y's target position" />
  <VR No="32" Value="0" Address="40065" DataType="BIT_32_FLOAT" DataSize="4" Init="0" Description="" />
  <VR No="33" Value="3000" Address="40067" DataType="BIT_32_FLOAT" DataSize="4" Init="3000" Description="Point 13" />
  <VR No="34" Value="-2500" Address="40069" DataType="BIT_32_FLOAT" DataSize="4" Init="-2500" Description="" />
  <VR No="35" Value="3500" Address="40071" DataType="BIT_32_FLOAT" DataSize="4" Init="3500" Description="Point 14" />
  <VR No="36" Value="-2000" Address="40073" DataType="BIT_32_FLOAT" DataSize="4" Init="-2000" Description="" />
  <VR No="37" Value="0" Address="40075" DataType="BIT_32_FLOAT" DataSize="4" Init="0" Description="" />
  <VR No="38" Value="0" Address="40077" DataType="BIT_32_FLOAT" DataSize="4" Init="0" Description="" />
  <VR No="39" Value="0" Address="40079" DataType="BIT_32_FLOAT" DataSize="4" Init="0" Description="" />
  <VR No="40" Value="0" Address="40081" DataType="BIT_32_FLOAT" DataSize="4" Init="0" Description="" />
  <VR No="41" Value="0" Address="40083" DataType="BIT_32_FLOAT" DataSize="4" Init="0" Description="" />
  <VR No="42" Value="0" Address="40085" DataType="BIT_32_FLOAT" DataSize="4" Init="0" Description="" />
  <VR No="43" Value="0" Address="40087" DataType="BIT_32_FLOAT" DataSize="4" Init="0" Description="" />
  <VR No="44" Value="0" Address="40089" DataType="BIT_32_FLOAT" DataSize="4" Init="0" Description="" />
  <VR No="45" Value="0" Address="40091" DataType="BIT_32_FLOAT" DataSize="4" Init="0" Description="" />
  <VR No="46" Value="0" Address="40093" DataType="BIT_32_FLOAT" DataSize="4" Init="0" Description="" />
  <VR No="47" Value="0" Address="40095" DataType="BIT_32_FLOAT" DataSize="4" Init="0" Description="" />
  <VR No="48" Value="0" Address="40097" DataType="BIT_32_FLOAT" DataSize="4" Init="0" Description="" />
  <VR No="49" Value="0" Address="40099" DataType="BIT_32_FLOAT" DataSize="4" Init="0" Description="" />
  <VR No="50" Value="0" Address="40101" DataType="BIT_16_UINT" DataSize="2" Init="0" Description="" />
  <VR No="51" Value="0" Address="40102" DataType="BIT_16_UINT" DataSize="2" Init="0" Description="Mode：JOG+" />
  <VR No="52" Value="0" Address="40103" DataType="BIT_16_UINT" DataSize="2" Init="0" Description="Mode：JOG-" />
  <VR No="53" Value="0" Address="40104" DataType="BIT_16_UINT" DataSize="2" Init="0" Description="Mode：Start" />
  <VR No="54" Value="0" Address="40105" DataType="BIT_16_UINT" DataSize="2" Init="0" Description="Mode：Stop" />
  <VR No="55" Value="0" Address="40106" DataType="BIT_16_UINT" DataSize="2" Init="0" Description="Mode：HOME" />
  <VR No="56" Value="0" Address="40107" DataType="BIT_16_UINT" DataSize="2" Init="0" Description="Mode：Axis x" />
  <VR No="57" Value="0" Address="40108" DataType="BIT_16_UINT" DataSize="2" Init="0" Description="Mode：Axis y" />
  <VR No="58" Value="0" Address="40109" DataType="BIT_16_UINT" DataSize="2" Init="0" Description="Mode：Clear Error" />
  <VR No="59" Value="0" Address="40110" DataType="BIT_16_UINT" DataSize="2" Init="0" Description="Choose：Run times" />
  <VR No="60" Value="0" Address="40111" DataType="BIT_16_UINT" DataSize="2" Init="0" Description="" />
  <VR No="61" Value="0" Address="40112" DataType="BIT_16_UINT" DataSize="2" Init="0" Description="" />
  <VR No="62" Value="0" Address="40113" DataType="BIT_16_UINT" DataSize="2" Init="0" Description="" />
  <VR No="63" Value="0" Address="40114" DataType="BIT_16_UINT" DataSize="2" Init="0" Description="" />
  <VR No="64" Value="0" Address="40115" DataType="BIT_16_UINT" DataSize="2" Init="0" Description="" />
  <VR No="65" Value="0" Address="40116" DataType="BIT_16_UINT" DataSize="2" Init="0" Description="" />
  <VR No="66" Value="0" Address="40117" DataType="BIT_16_UINT" DataSize="2" Init="0" Description="" />
  <VR No="67" Value="0" Address="40118" DataType="BIT_16_UINT" DataSize="2" Init="0" Description="" />
  <VR No="68" Value="0" Address="40119" DataType="BIT_16_UINT" DataSize="2" Init="0" Description="" />
  <VR No="69" Value="0" Address="40120" DataType="BIT_16_UINT" DataSize="2" Init="0" Description="" />
  <VR No="70" Value="0" Address="40121" DataType="BIT_16_UINT" DataSize="2" Init="0" Description="JOG Axis number" />
  <VR No="71" Value="2" Address="40122" DataType="BIT_16_UINT" DataSize="2" Init="2" Description="The path pattern" />
  <VR No="72" Value="0" Address="40123" DataType="BIT_16_UINT" DataSize="2" Init="0" Description="" />
  <VR No="73" Value="0" Address="40124" DataType="BIT_16_UINT" DataSize="2" Init="0" Description="" />
  <VR No="74" Value="0" Address="40125" DataType="BIT_16_UINT" DataSize="2" Init="0" Description="" />
  <VR No="75" Value="0" Address="40126" DataType="BIT_16_UINT" DataSize="2" Init="0" Description="" />
  <VR No="76" Value="0" Address="40127" DataType="BIT_16_UINT" DataSize="2" Init="0" Description="" />
  <VR No="77" Value="0" Address="40128" DataType="BIT_16_UINT" DataSize="2" Init="0" Description="" />
  <VR No="78" Value="0" Address="40129" DataType="BIT_16_UINT" DataSize="2" Init="0" Description="" />
  <VR No="79" Value="0" Address="40130" DataType="BIT_16_UINT" DataSize="2" Init="0" Description="" />
  <VR No="80" Value="0" Address="40131" DataType="BIT_16_UINT" DataSize="2" Init="0" Description="Teach point 1" />
  <VR No="81" Value="0" Address="40132" DataType="BIT_16_UINT" DataSize="2" Init="0" Description="Teach point 2" />
  <VR No="82" Value="0" Address="40133" DataType="BIT_16_UINT" DataSize="2" Init="0" Description="Teach point 3" />
  <VR No="83" Value="0" Address="40134" DataType="BIT_16_UINT" DataSize="2" Init="0" Description="Teach point 4" />
  <VR No="84" Value="0" Address="40135" DataType="BIT_16_UINT" DataSize="2" Init="0" Description="Teach point 5" />
  <VR No="85" Value="0" Address="40136" DataType="BIT_16_UINT" DataSize="2" Init="0" Description="Teach point 6" />
  <VR No="86" Value="0" Address="40137" DataType="BIT_16_UINT" DataSize="2" Init="0" Description="Teach point 7" />
  <VR No="87" Value="0" Address="40138" DataType="BIT_16_UINT" DataSize="2" Init="0" Description="Teach point 8" />
  <VR No="88" Value="0" Address="40139" DataType="BIT_16_UINT" DataSize="2" Init="0" Description="Teach point 9" />
  <VR No="89" Value="0" Address="40140" DataType="BIT_16_UINT" DataSize="2" Init="0" Description="Teach point 10" />
  <VR No="90" Value="0" Address="40141" DataType="BIT_16_UINT" DataSize="2" Init="0" Description="Teach point 11" />
  <VR No="91" Value="0" Address="40142" DataType="BIT_16_UINT" DataSize="2" Init="0" Description="Teach point 12" />
  <VR No="92" Value="0" Address="40143" DataType="BIT_16_UINT" DataSize="2" Init="0" Description="" />
  <VR No="93" Value="0" Address="40144" DataType="BIT_16_UINT" DataSize="2" Init="0" Description="" />
  <VR No="94" Value="0" Address="40145" DataType="BIT_16_UINT" DataSize="2" Init="0" Description="" />
  <VR No="95" Value="0" Address="40146" DataType="BIT_16_UINT" DataSize="2" Init="0" Description="" />
  <VR No="96" Value="0" Address="40147" DataType="BIT_16_UINT" DataSize="2" Init="0" Description="" />
  <VR No="97" Value="0" Address="40148" DataType="BIT_16_UINT" DataSize="2" Init="0" Description="" />
  <VR No="98" Value="0" Address="40149" DataType="BIT_16_UINT" DataSize="2" Init="0" Description="" />
  <VR No="99" Value="0" Address="40150" DataType="BIT_16_UINT" DataSize="2" Init="0" Description="" />
  <VR No="100" Value="0" Address="40151" DataType="BIT_16_UINT" DataSize="2" Init="0" Description="RUN_MODE" />
  <VR No="101" Value="0" Address="" DataType="BIT_16_UINT" DataSize="2" Init="0" Description="" />
  <VR No="102" Value="0" Address="" DataType="BIT_16_UINT" DataSize="2" Init="0" Description="" />
  <VR No="103" Value="0" Address="" DataType="BIT_16_UINT" DataSize="2" Init="0" Description="" />
  <VR No="104" Value="0" Address="" DataType="BIT_16_UINT" DataSize="2" Init="0" Description="" />
  <VR No="105" Value="0" Address="" DataType="BIT_16_UINT" DataSize="2" Init="0" Description="" />
  <VR No="106" Value="0" Address="" DataType="BIT_16_UINT" DataSize="2" Init="0" Description="" />
  <VR No="107" Value="0" Address="" DataType="BIT_16_UINT" DataSize="2" Init="0" Description="" />
  <VR No="108" Value="0" Address="" DataType="BIT_16_UINT" DataSize="2" Init="0" Description="" />
  <VR No="109" Value="0" Address="" DataType="BIT_16_UINT" DataSize="2" Init="0" Description="" />
  <VR No="110" Value="0" Address="" DataType="BIT_16_UINT" DataSize="2" Init="0" Description="" />
  <VR No="111" Value="0" Address="" DataType="BIT_16_UINT" DataSize="2" Init="0" Description="" />
  <VR No="112" Value="0" Address="" DataType="BIT_16_UINT" DataSize="2" Init="0" Description="" />
  <VR No="113" Value="0" Address="" DataType="BIT_16_UINT" DataSize="2" Init="0" Description="" />
  <VR No="114" Value="0" Address="" DataType="BIT_16_UINT" DataSize="2" Init="0" Description="" />
  <VR No="115" Value="0" Address="" DataType="BIT_16_UINT" DataSize="2" Init="0" Description="" />
  <VR No="116" Value="0" Address="" DataType="BIT_16_UINT" DataSize="2" Init="0" Description="" />
  <VR No="117" Value="0" Address="" DataType="BIT_16_UINT" DataSize="2" Init="0" Description="" />
  <VR No="118" Value="0" Address="" DataType="BIT_16_UINT" DataSize="2" Init="0" Description="" />
  <VR No="119" Value="0" Address="" DataType="BIT_16_UINT" DataSize="2" Init="0" Description="" />
  <VR No="120" Value="0" Address="" DataType="BIT_16_UINT" DataSize="2" Init="0" Description="" />
  <VR No="121" Value="0" Address="" DataType="BIT_16_UINT" DataSize="2" Init="0" Description="" />
  <VR No="122" Value="0" Address="" DataType="BIT_16_UINT" DataSize="2" Init="0" Description="" />
  <VR No="123" Value="0" Address="" DataType="BIT_16_UINT" DataSize="2" Init="0" Description="" />
  <VR No="124" Value="0" Address="" DataType="BIT_16_UINT" DataSize="2" Init="0" Description="" />
  <VR No="125" Value="0" Address="" DataType="BIT_16_UINT" DataSize="2" Init="0" Description="" />
  <VR No="126" Value="0" Address="" DataType="BIT_16_UINT" DataSize="2" Init="0" Description="" />
  <VR No="127" Value="0" Address="" DataType="BIT_16_UINT" DataSize="2" Init="0" Description="" />
  <VR No="128" Value="0" Address="" DataType="BIT_16_UINT" DataSize="2" Init="0" Description="" />
  <VR No="129" Value="0" Address="" DataType="BIT_16_UINT" DataSize="2" Init="0" Description="" />
  <VR No="130" Value="0" Address="" DataType="BIT_16_UINT" DataSize="2" Init="0" Description="" />
  <VR No="131" Value="0" Address="" DataType="BIT_16_UINT" DataSize="2" Init="0" Description="" />
  <VR No="132" Value="0" Address="" DataType="BIT_16_UINT" DataSize="2" Init="0" Description="" />
  <VR No="133" Value="0" Address="" DataType="BIT_16_UINT" DataSize="2" Init="0" Description="" />
  <VR No="134" Value="0" Address="" DataType="BIT_16_UINT" DataSize="2" Init="0" Description="" />
  <VR No="135" Value="0" Address="" DataType="BIT_16_UINT" DataSize="2" Init="0" Description="" />
  <VR No="136" Value="0" Address="" DataType="BIT_16_UINT" DataSize="2" Init="0" Description="" />
  <VR No="137" Value="0" Address="" DataType="BIT_16_UINT" DataSize="2" Init="0" Description="" />
  <VR No="138" Value="0" Address="" DataType="BIT_16_UINT" DataSize="2" Init="0" Description="" />
  <VR No="139" Value="0" Address="" DataType="BIT_16_UINT" DataSize="2" Init="0" Description="" />
  <VR No="140" Value="0" Address="" DataType="BIT_16_UINT" DataSize="2" Init="0" Description="" />
  <VR No="141" Value="0" Address="" DataType="BIT_16_UINT" DataSize="2" Init="0" Description="" />
  <VR No="142" Value="0" Address="" DataType="BIT_16_UINT" DataSize="2" Init="0" Description="" />
  <VR No="143" Value="0" Address="" DataType="BIT_16_UINT" DataSize="2" Init="0" Description="" />
  <VR No="144" Value="0" Address="" DataType="BIT_16_UINT" DataSize="2" Init="0" Description="" />
  <VR No="145" Value="0" Address="" DataType="BIT_16_UINT" DataSize="2" Init="0" Description="" />
  <VR No="146" Value="0" Address="" DataType="BIT_16_UINT" DataSize="2" Init="0" Description="" />
  <VR No="147" Value="0" Address="" DataType="BIT_16_UINT" DataSize="2" Init="0" Description="" />
  <VR No="148" Value="0" Address="" DataType="BIT_16_UINT" DataSize="2" Init="0" Description="" />
  <VR No="149" Value="0" Address="" DataType="BIT_16_UINT" DataSize="2" Init="0" Description="" />
  <VR No="150" Value="0" Address="" DataType="BIT_16_UINT" DataSize="2" Init="0" Description="" />
</VRs>