<?xml version="1.0" encoding="gbk" standalone="yes"?>
<Config>
  <General>
    <StartupMode>0</StartupMode>
    <Language>zh-Hans</Language>
    <AxisParamsRefresh>1000</AxisParamsRefresh>
    <AxisTestRefresh>1000</AxisTestRefresh>
    <VRTableRefresh>1000</VRTableRefresh>
    <WatchVariablesRefresh>1000</WatchVariablesRefresh>
    <DIOViewerRefresh>1000</DIOViewerRefresh>
    <AxisStatusRefresh>1000</AxisStatusRefresh>
    <GlobalVarRefresh>1000</GlobalVarRefresh>
  </General>
  <Editor>
    <General>
      <Font>Courier New</Font>
      <Size>10</Size>
      <Style>0</Style>
      <ShowLineNumbers>True</ShowLineNumbers>
      <ShowAutoComplete>True</ShowAutoComplete>
      <EnableFolding>True</EnableFolding>
    </General>
    <Appearance>
      <Background>White</Background>
      <Text>Black</Text>
      <Breakpoint>Red</Breakpoint>
      <DebugStep>LightGreen</DebugStep>
    </Appearance>
    <KeysColors>
      <Comment>Green</Comment>
      <String>Red</String>
      <Number>DarkOrange</Number>
      <DefKey>Blue</DefKey>
      <Command>Purple</Command>
      <Parameter>Fuchsia</Parameter>
      <Custom>Crimson</Custom>
    </KeysColors>
  </Editor>
  <Project>
    <CompareToolExePath>
    </CompareToolExePath>
    <DisplayAutorunPrograms>True</DisplayAutorunPrograms>
    <DisplayControllerTypeChangeWarning>True</DisplayControllerTypeChangeWarning>
    <RestoreFromBackupDesktopLayout>False</RestoreFromBackupDesktopLayout>
    <RestoreFromBackupToolConfig>True</RestoreFromBackupToolConfig>
  </Project>
</Config>