﻿<?xml version="1.0" encoding="UTF-8" standalone="yes"?>
<Tools>
  <Tool Name="Macro Buttons">
    <Buttons>
      <Button Visible="True" Text="MOVEABS" Command="MOVEABS 1000" />
      <Button Visible="True" Text="MOVE" Command="MOVE 1000" />
      <Button Visible="True" Text="0" Command="BASE 0" />
      <Button Visible="True" Text="1" Command="BASE 1" />
      <Button Visible="True" Text="2" Command="BASE 2" />
      <Button Visible="True" Text="3" Command="BASE 3" />
      <Button Visible="False" Text="Axis0" Command="BASE 0" />
      <Button Visible="False" Text="Axis1" Command="BASE 2" />
    </Buttons>
  </Tool>
</Tools>